Country,Avatar,Name,Rating,Images,Is Anonymous,Review,Translation Review,Vote Count,Logistics,Sku Info,Date of Published
US,https://ae01.alicdn.com/kf/Af5debf7609cd466fa5ba78f34a18f7e3C.jpg_220x220.jpg,S***A,100,,FALSE,,,0,Aliexpress Selection Standard,Color:Orange ,2024-12-27
ES,https://gw.alicdn.com/tps/TB1CjX4LXXXXXbSXFXXXXXXXXXX-240-240.png,a***r,80,,FALSE,,,0,Aliexpress Selection Premium shipping,Color:Yellow ,2024-12-24
JP,https://ae01.alicdn.com/kf/A28d84f34f7df481087e3cd331efe46aeD.jpg_220x220.jpg,K***a,100,,FALSE,,,0,Aliexpress Selection Standard,Color:Yellow ,2024-12-17
PL,,AliExpress Shopper,100,,TRUE,,,0,Aliexpress Selection Standard,Color:Orange ,2024-12-30
ES,,s***r,100,"https://ae01.alicdn.com/kf/Acf0e6bd82d2b45d08cf11d9c6f5860f7t.jpg,
https://ae01.alicdn.com/kf/A39c46d242c4a4aa9bc0bbed57b23bd71E.jpg,
https://ae01.alicdn.com/kf/A5288b5871a434bfc864213ed83fdc52ca.jpg,
https://ae01.alicdn.com/kf/Aa29545ce88a34afbade2744a64083132g.jpg,
https://ae01.alicdn.com/kf/Aa47b9a280be540dfbcf3b8773f5293acr.jpg",FALSE,juego para jugar solo contra la maquina o de dos jugadores. no se abre y no tiene para jugar con piezas que otros juegos traen aparte.esta bien pero pensé que era el que se abría y tenía piezas a parte. aún así sí lo recomiendo. colores muy brillantes y llamativos.,Game to play only against the machine or two players. Does not open and does not have to play with pieces that other games bring apart. It is fine but I thought it was the one that opened and had pieces apart. I still recommend it. Very bright and striking colors.,0,Aliexpress Selection Premium shipping,Color:Yellow ,2024-12-21
PL,,AliExpress Shopper,100,,TRUE,,,0,Aliexpress Selection Standard,Color:Yellow ,2024-12-31
PL,,K***M,100,https://ae01.alicdn.com/kf/Ae933055fb3cb4bfdbcacdc6b9d6850123.jpg,FALSE,Super produkt. Polecam serdecznieSuper Super produkt. Polecam serdecznieSuperSuper produkt. Polecam serdecznieSuper,Super product. I recommend heartily Super product. I recommend heartily SuperSuper product. I recommend heartily Super,0,Aliexpress Selection Standard,Color:Orange ,2025-01-04
DE,https://ae01.alicdn.com/kf/U5b12e064d6e346e9b60e966517336d21l.jpg_220x220.jpg,A***r,100,,FALSE,macht Spaß,Is Fun,0,Aliexpress Selection Standard,Color:Orange ,2025-01-09
IT,https://ae01.alicdn.com/kf/UTB88N.yD4HEXKJk43Jeq6yeeXXaR.jpg_220x220.jpg,G***e,100,,FALSE,,,0,Aliexpress Selection Standard,Color:Orange ,2024-12-21
EU,https://ae01.alicdn.com/kf/U4ee6b14b14d34c34900acfb25e7fce7aA.jpg_220x220.jpg,S***a,20,,FALSE,abierto para reyes magos de mi hija y no funciona,Open for my daughter's wise men and it doesn't work,1,Aliexpress Selection Premium shipping,Color:Yellow ,2025-01-06
ES,https://gw.alicdn.com/tps/TB1zA01LXXXXXc0XFXXXXXXXXXX-240-240.png,M***o,100,,FALSE,,,0,Aliexpress Selection Premium shipping,Color:Yellow ,2024-12-18
ES,,J***a,100,,FALSE,,,0,Aliexpress Selection Premium shipping,Color:Orange ,2024-12-17
PA,https://ae01.alicdn.com/kf/UTB8zMnfPhHEXKJk43Jeq6yeeXXaM.jpg_220x220.jpg,J***s,100,,FALSE,super entretenido,Super entertaining,0,Aliexpress Selection Standard,Color:Orange ,2025-01-04
PL,https://ae01.alicdn.com/kf/UTB8garoEJoSdeJk43Owq6ya4XXac.jpg_220x220.jpg,D***k,100,"https://ae01.alicdn.com/kf/A614cd99b76ee43408b925264a13b60654.jpg,
https://ae01.alicdn.com/kf/A8efba63c720d4e0eae17e816afa8633f9.jpg",FALSE,,,0,Aliexpress Selection Standard,Color:Orange ,2024-12-12
MX,https://ae01.alicdn.com/kf/A47456205f4594aba990d2aa3ee0d35ab2.jpg_220x220.jpg,M***r,100,,FALSE,,,0,Aliexpress Selection Standard,Color:Yellow ,2024-12-12
ES,https://ae01.alicdn.com/kf/Af8daf4e929bf46b59a71523af17d2590I.jpg_220x220.jpg,a***r,100,,FALSE,Buen juego funciona con pilas,Good battery operated game,0,Aliexpress Selection Premium shipping,Color:Yellow ,2024-12-22
NL,,r***n,100,,FALSE,,,0,Aliexpress Selection Premium shipping,Color:Yellow ,2024-12-25
PL,https://gw.alicdn.com/tps/TB1zA01LXXXXXc0XFXXXXXXXXXX-240-240.png,g***g,100,,FALSE,"Świetna zabawka, polecam","Great toy, I recommend",0,Aliexpress Selection Standard,Color:Orange ,2024-12-28